<?xml version="1.0" ?>
<LOG_ROOT>
	<PROJECT NAME="SDRAM_Control_4Port">
		<CBX_INST_ENTRY INSTANCE_NAME="|sdram_test|SDRAM_Control_4Port:inst7|RD_FIFO:RD_FIFO_inst1|dcfifo_mixed_widths:dcfifo_mixed_widths_component" CBX_FILE_NAME="dcfifo_7uk1.tdf"/>
		<CBX_INST_ENTRY INSTANCE_NAME="|sdram_test|SDRAM_Control_4Port:inst7|WR_FIFO:WR_FIFO_inst3|dcfifo_mixed_widths:dcfifo_mixed_widths_component" CBX_FILE_NAME="dcfifo_7uk1.tdf"/>
		<CBX_INST_ENTRY INSTANCE_NAME="|sdram_test|sld_signaltap:auto_signaltap_0|sld_signaltap_impl:sld_signaltap_body|sld_signaltap_implb:sld_signaltap_body|altdpram:\stp_non_zero_ram_gen:attribute_mem_gen:attribute_mem|lpm_decode:wdecoder" CBX_FILE_NAME="decode_dvf.tdf"/>
		<CBX_INST_ENTRY INSTANCE_NAME="|sdram_test|sld_signaltap:auto_signaltap_0|sld_signaltap_impl:sld_signaltap_body|sld_signaltap_implb:sld_signaltap_body|sld_offload_buffer_mgr:\stp_non_zero_depth_offload_gen:stp_offload_buff_mgr_inst|LPM_COUNTER:status_read_pointer_counter" CBX_FILE_NAME="cntr_23j.tdf"/>
		<CBX_INST_ENTRY INSTANCE_NAME="|sdram_test|SDRAM_Control_4Port:inst7|RD_FIFO:RD_FIFO_inst2|dcfifo_mixed_widths:dcfifo_mixed_widths_component" CBX_FILE_NAME="dcfifo_7uk1.tdf"/>
		<CBX_INST_ENTRY INSTANCE_NAME="|sdram_test|sld_signaltap:auto_signaltap_0|sld_signaltap_impl:sld_signaltap_body|sld_signaltap_implb:sld_signaltap_body|sld_offload_buffer_mgr:\stp_non_zero_depth_offload_gen:stp_offload_buff_mgr_inst|LPM_COUNTER:read_pointer_counter" CBX_FILE_NAME="cntr_h6j.tdf"/>
		<CBX_INST_ENTRY INSTANCE_NAME="|sdram_test|SDRAM_Control_4Port:inst7|RD_FIFO:RD_FIFO_inst3|dcfifo_mixed_widths:dcfifo_mixed_widths_component" CBX_FILE_NAME="dcfifo_7uk1.tdf"/>
		<CBX_INST_ENTRY INSTANCE_NAME="|sdram_test|SDRAM_Control_4Port:inst7|WR_FIFO:WR_FIFO_inst1|dcfifo_mixed_widths:dcfifo_mixed_widths_component" CBX_FILE_NAME="dcfifo_7uk1.tdf"/>
		<CBX_INST_ENTRY INSTANCE_NAME="|sdram_test|sld_signaltap:auto_signaltap_0|sld_signaltap_impl:sld_signaltap_body|sld_signaltap_implb:sld_signaltap_body|altsyncram:\stp_non_zero_ram_gen:stp_buffer_ram" CBX_FILE_NAME="altsyncram_u124.tdf"/>
		<CBX_INST_ENTRY INSTANCE_NAME="|sdram_test|sld_signaltap:auto_signaltap_0|sld_signaltap_impl:sld_signaltap_body|sld_signaltap_implb:sld_signaltap_body|sld_offload_buffer_mgr:\stp_non_zero_depth_offload_gen:stp_offload_buff_mgr_inst|LPM_COUNTER:status_advance_pointer_counter" CBX_FILE_NAME="cntr_jgi.tdf"/>
		<CBX_INST_ENTRY INSTANCE_NAME="|sdram_test|SDRAM_Control_4Port:inst7|WR_FIFO:WR_FIFO_inst2|dcfifo_mixed_widths:dcfifo_mixed_widths_component" CBX_FILE_NAME="dcfifo_7uk1.tdf"/>
		<CBX_INST_ENTRY INSTANCE_NAME="|sdram_test|pll2:inst9|altpll:altpll_component" CBX_FILE_NAME="pll2_altpll.v"/>
		<CBX_INST_ENTRY INSTANCE_NAME="|sdram_test|pll:inst3|altpll:altpll_component" CBX_FILE_NAME="pll_altpll.v"/>
		<CBX_INST_ENTRY INSTANCE_NAME="|sdram_test|sld_signaltap:auto_signaltap_0|sld_signaltap_impl:sld_signaltap_body|sld_signaltap_implb:sld_signaltap_body|altdpram:\stp_non_zero_ram_gen:attribute_mem_gen:attribute_mem|lpm_mux:mux" CBX_FILE_NAME="mux_0tc.tdf"/>
		<CBX_INST_ENTRY INSTANCE_NAME="|sdram_test|sld_signaltap:auto_signaltap_0|sld_signaltap_impl:sld_signaltap_body|sld_signaltap_implb:sld_signaltap_body|sld_offload_buffer_mgr:\stp_non_zero_depth_offload_gen:stp_offload_buff_mgr_inst|LPM_COUNTER:\adv_point_3_and_more:advance_pointer_counter" CBX_FILE_NAME="cntr_bii.tdf"/>
	</PROJECT>
</LOG_ROOT>
