<?xml version="1.0" encoding="UTF-8"?>
<deploy
 date="2021.04.13.14:24:56"
 outputDirectory="E:/3_FPGA/7_ddr/SDRAM_Control_4Port_QsysIp/db/ip/sdram/">
 <perimeter>
  <parameter
     name="AUTO_GENERATION_ID"
     type="Integer"
     defaultValue="0"
     onHdl="0"
     affectsHdl="1" />
  <parameter
     name="AUTO_UNIQUE_ID"
     type="String"
     defaultValue=""
     onHdl="0"
     affectsHdl="1" />
  <parameter
     name="AUTO_DEVICE_FAMILY"
     type="String"
     defaultValue="Cyclone IV E"
     onHdl="0"
     affectsHdl="1" />
  <parameter
     name="AUTO_DEVICE"
     type="String"
     defaultValue="EP4CE6F17C8"
     onHdl="0"
     affectsHdl="1" />
  <parameter
     name="AUTO_CLK_CLOCK_RATE"
     type="Long"
     defaultValue="-1"
     onHdl="0"
     affectsHdl="1" />
  <parameter
     name="AUTO_CLK_CLOCK_DOMAIN"
     type="Integer"
     defaultValue="-1"
     onHdl="0"
     affectsHdl="1" />
  <parameter
     name="AUTO_CLK_RESET_DOMAIN"
     type="Integer"
     defaultValue="-1"
     onHdl="0"
     affectsHdl="1" />
  <interface name="sdram" kind="conduit" start="0">
   <property name="associatedClock" value="" />
   <property name="associatedReset" value="" />
   <port name="sdram_addr" direction="output" role="addr" width="13" />
   <port name="sdram_ba" direction="output" role="ba" width="2" />
   <port name="sdram_cas_n" direction="output" role="cas_n" width="1" />
   <port name="sdram_cke" direction="output" role="cke" width="1" />
   <port name="sdram_cs_n" direction="output" role="cs_n" width="1" />
   <port name="sdram_dq" direction="bidir" role="dq" width="16" />
   <port name="sdram_dqm" direction="output" role="dqm" width="2" />
   <port name="sdram_ras_n" direction="output" role="ras_n" width="1" />
   <port name="sdram_we_n" direction="output" role="we_n" width="1" />
  </interface>
  <interface name="user" kind="avalon" start="0">
   <property name="addressAlignment" value="DYNAMIC" />
   <property name="addressGroup" value="0" />
   <property name="addressSpan" value="33554432" />
   <property name="addressUnits" value="WORDS" />
   <property name="alwaysBurstMaxBurst" value="false" />
   <property name="associatedClock" value="clk" />
   <property name="associatedReset" value="reset" />
   <property name="bitsPerSymbol" value="8" />
   <property name="bridgesToMaster" value="" />
   <property name="burstOnBurstBoundariesOnly" value="false" />
   <property name="burstcountUnits" value="WORDS" />
   <property name="constantBurstBehavior" value="false" />
   <property name="explicitAddressSpan" value="0" />
   <property name="holdTime" value="0" />
   <property name="interleaveBursts" value="false" />
   <property name="isBigEndian" value="false" />
   <property name="isFlash" value="false" />
   <property name="isMemoryDevice" value="true" />
   <property name="isNonVolatileStorage" value="false" />
   <property name="linewrapBursts" value="false" />
   <property name="maximumPendingReadTransactions" value="7" />
   <property name="maximumPendingWriteTransactions" value="0" />
   <property name="minimumUninterruptedRunLength" value="1" />
   <property name="printableDevice" value="false" />
   <property name="readLatency" value="0" />
   <property name="readWaitStates" value="1" />
   <property name="readWaitTime" value="1" />
   <property name="registerIncomingSignals" value="false" />
   <property name="registerOutgoingSignals" value="false" />
   <property name="setupTime" value="0" />
   <property name="timingUnits" value="Cycles" />
   <property name="transparentBridge" value="false" />
   <property name="wellBehavedWaitrequest" value="false" />
   <property name="writeLatency" value="0" />
   <property name="writeWaitStates" value="0" />
   <property name="writeWaitTime" value="0" />
   <port name="user_address" direction="input" role="address" width="24" />
   <port
       name="user_byteenable_n"
       direction="input"
       role="byteenable_n"
       width="2" />
   <port name="user_chipselect" direction="input" role="chipselect" width="1" />
   <port name="user_writedata" direction="input" role="writedata" width="16" />
   <port name="user_read_n" direction="input" role="read_n" width="1" />
   <port name="user_write_n" direction="input" role="write_n" width="1" />
   <port name="user_readdata" direction="output" role="readdata" width="16" />
   <port
       name="user_readdatavalid"
       direction="output"
       role="readdatavalid"
       width="1" />
   <port
       name="user_waitrequest"
       direction="output"
       role="waitrequest"
       width="1" />
  </interface>
  <interface name="reset" kind="reset" start="0">
   <property name="associatedClock" value="" />
   <property name="synchronousEdges" value="NONE" />
   <port name="reset_reset_n" direction="input" role="reset_n" width="1" />
  </interface>
  <interface name="clk" kind="clock" start="0">
   <property name="clockRate" value="100000000" />
   <property name="externallyDriven" value="false" />
   <property name="ptfSchematicName" value="" />
   <port name="clk_clk" direction="input" role="clk" width="1" />
  </interface>
 </perimeter>
 <entity
   path=""
   parameterizationKey="sdram:1.0:AUTO_CLK_CLOCK_DOMAIN=-1,AUTO_CLK_CLOCK_RATE=-1,AUTO_CLK_RESET_DOMAIN=-1,AUTO_DEVICE=EP4CE6F17C8,AUTO_DEVICE_FAMILY=Cyclone IV E,AUTO_GENERATION_ID=1618295094,AUTO_UNIQUE_ID=(altera_avalon_new_sdram_controller:13.1:TAC=5.4,TMRD=3,TRCD=20.0,TRFC=70.0,TRP=20.0,TWR=20.0,addressWidth=24,bankWidth=2,casLatency=3,clockRate=100000000,columnWidth=9,componentName=sdram_sdram,dataWidth=16,generateSimulationModel=false,initNOPDelay=0.0,initRefreshCommands=8,masteredTristateBridgeSlave=0,model=single_Micron_MT48LC4M32B2_7_chip,numberOfBanks=4,numberOfChipSelects=1,pinsSharedViaTriState=false,powerUpDelay=200.0,refreshPeriod=7.8125,registerDataIn=true,rowWidth=13,size=33554432)(clock_source:13.1:clockFrequency=100000000,clockFrequencyKnown=true,inputClockFrequency=0,resetSynchronousEdges=NONE)(reset:13.1:)(clock:13.1:)"
   instancePathKey="sdram"
   kind="sdram"
   version="1.0"
   name="sdram">
  <parameter name="AUTO_DEVICE_FAMILY" value="Cyclone IV E" />
  <parameter name="AUTO_UNIQUE_ID" value="" />
  <parameter name="AUTO_CLK_CLOCK_RATE" value="-1" />
  <parameter name="AUTO_CLK_RESET_DOMAIN" value="-1" />
  <parameter name="AUTO_DEVICE" value="EP4CE6F17C8" />
  <parameter name="AUTO_GENERATION_ID" value="1618295094" />
  <parameter name="AUTO_CLK_CLOCK_DOMAIN" value="-1" />
  <generatedFiles>
   <file
       path="E:/3_FPGA/7_ddr/SDRAM_Control_4Port_QsysIp/db/ip/sdram/sdram.v"
       type="VERILOG" />
  </generatedFiles>
  <childGeneratedFiles>
   <file
       path="E:/3_FPGA/7_ddr/SDRAM_Control_4Port_QsysIp/db/ip/sdram/submodules/sdram_sdram.v"
       type="VERILOG"
       attributes="" />
   <file
       path="E:/3_FPGA/7_ddr/SDRAM_Control_4Port_QsysIp/db/ip/sdram/submodules/altera_reset_controller.v"
       type="VERILOG"
       attributes="" />
   <file
       path="E:/3_FPGA/7_ddr/SDRAM_Control_4Port_QsysIp/db/ip/sdram/submodules/altera_reset_synchronizer.v"
       type="VERILOG"
       attributes="" />
   <file
       path="E:/3_FPGA/7_ddr/SDRAM_Control_4Port_QsysIp/db/ip/sdram/submodules/altera_reset_controller.sdc"
       type="SDC"
       attributes="" />
  </childGeneratedFiles>
  <sourceFiles>
   <file path="E:/3_FPGA/7_ddr/SDRAM_Control_4Port_QsysIp/sdram.qsys" />
  </sourceFiles>
  <childSourceFiles>
   <file
       path="D:/altera/13.1/ip/altera/sopc_builder_ip/altera_avalon_new_sdram_controller/altera_avalon_new_sdram_controller_hw.tcl" />
   <file
       path="D:/altera/13.1/ip/altera/merlin/altera_reset_controller/altera_reset_controller_hw.tcl" />
  </childSourceFiles>
  <messages>
   <message level="Debug" culprit="sdram">queue size: 0 starting:sdram "sdram"</message>
   <message level="Progress" culprit="min"></message>
   <message level="Progress" culprit="max"></message>
   <message level="Progress" culprit="current"></message>
   <message level="Progress" culprit="current"></message>
   <message level="Progress" culprit="current"></message>
   <message level="Debug">Transform: PipelineBridgeSwap</message>
   <message level="Info" culprit="pipeline_bridge_swap_transform"><![CDATA[After transform: <b>2</b> modules, <b>2</b> connections]]></message>
   <message level="Debug">Transform: ClockCrossingBridgeSwap</message>
   <message level="Debug">Transform: QsysBetaIPSwap</message>
   <message level="Debug">Transform: CustomInstructionTransform</message>
   <message level="Info">No custom instruction connections, skipping transform </message>
   <message level="Debug">Transform: MMTransform</message>
   <message level="Debug">Transform: InterruptMapperTransform</message>
   <message level="Debug">Transform: InterruptSyncTransform</message>
   <message level="Debug">Transform: InterruptFanoutTransform</message>
   <message level="Debug">Transform: AvalonStreamingTransform</message>
   <message level="Debug">Transform: ResetAdaptation</message>
   <message level="Progress" culprit="min"></message>
   <message level="Progress" culprit="max"></message>
   <message level="Progress" culprit="current"></message>
   <message level="Progress" culprit="current"></message>
   <message level="Progress" culprit="current"></message>
   <message level="Info" culprit="reset_adaptation_transform"><![CDATA[After transform: <b>3</b> modules, <b>4</b> connections]]></message>
   <message level="Debug" culprit="sdram"><![CDATA["<b>sdram</b>" reuses <b>altera_avalon_new_sdram_controller</b> "<b>submodules/sdram_sdram</b>"]]></message>
   <message level="Debug" culprit="sdram"><![CDATA["<b>sdram</b>" reuses <b>altera_reset_controller</b> "<b>submodules/altera_reset_controller</b>"]]></message>
   <message level="Debug" culprit="sdram">queue size: 1 starting:altera_avalon_new_sdram_controller "submodules/sdram_sdram"</message>
   <message level="Info" culprit="sdram">Starting RTL generation for module 'sdram_sdram'</message>
   <message level="Info" culprit="sdram">  Generation command is [exec D:/altera/13.1/quartus/bin/perl/bin/perl.exe -I D:/altera/13.1/quartus/bin/perl/lib -I D:/altera/13.1/quartus/sopc_builder/bin/europa -I D:/altera/13.1/quartus/sopc_builder/bin/perl_lib -I D:/altera/13.1/quartus/sopc_builder/bin -I D:/altera/13.1/quartus/../ip/altera/sopc_builder_ip/common -I D:/altera/13.1/quartus/../ip/altera/sopc_builder_ip/altera_avalon_new_sdram_controller -- D:/altera/13.1/quartus/../ip/altera/sopc_builder_ip/altera_avalon_new_sdram_controller/generate_rtl.pl --name=sdram_sdram --dir=C:/Users/TP_ccb/AppData/Local/Temp/alt8730_299203088634784097.dir/0001_sdram_gen/ --quartus_dir=D:/altera/13.1/quartus --verilog --config=C:/Users/TP_ccb/AppData/Local/Temp/alt8730_299203088634784097.dir/0001_sdram_gen//sdram_sdram_component_configuration.pl  --do_build_sim=0  ]</message>
   <message level="Info" culprit="sdram">Done RTL generation for module 'sdram_sdram'</message>
   <message level="Info" culprit="sdram"><![CDATA["<b>sdram</b>" instantiated <b>altera_avalon_new_sdram_controller</b> "<b>sdram</b>"]]></message>
   <message level="Debug" culprit="sdram">queue size: 0 starting:altera_reset_controller "submodules/altera_reset_controller"</message>
   <message level="Info" culprit="rst_controller"><![CDATA["<b>sdram</b>" instantiated <b>altera_reset_controller</b> "<b>rst_controller</b>"]]></message>
  </messages>
 </entity>
 <entity
   path="submodules/"
   parameterizationKey="altera_avalon_new_sdram_controller:13.1:TAC=5.4,TMRD=3,TRCD=20.0,TRFC=70.0,TRP=20.0,TWR=20.0,addressWidth=24,bankWidth=2,casLatency=3,clockRate=100000000,columnWidth=9,componentName=sdram_sdram,dataWidth=16,generateSimulationModel=false,initNOPDelay=0.0,initRefreshCommands=8,masteredTristateBridgeSlave=0,model=single_Micron_MT48LC4M32B2_7_chip,numberOfBanks=4,numberOfChipSelects=1,pinsSharedViaTriState=false,powerUpDelay=200.0,refreshPeriod=7.8125,registerDataIn=true,rowWidth=13,size=33554432"
   instancePathKey="sdram:.:sdram"
   kind="altera_avalon_new_sdram_controller"
   version="13.1"
   name="sdram_sdram">
  <parameter name="dataWidth" value="16" />
  <parameter name="TRFC" value="70.0" />
  <parameter name="clockRate" value="100000000" />
  <parameter name="masteredTristateBridgeSlave" value="0" />
  <parameter name="TAC" value="5.4" />
  <parameter name="bankWidth" value="2" />
  <parameter name="generateSimulationModel" value="false" />
  <parameter name="addressWidth" value="24" />
  <parameter name="TWR" value="20.0" />
  <parameter name="TRP" value="20.0" />
  <parameter name="columnWidth" value="9" />
  <parameter name="initNOPDelay" value="0.0" />
  <parameter name="initRefreshCommands" value="8" />
  <parameter name="TRCD" value="20.0" />
  <parameter name="numberOfChipSelects" value="1" />
  <parameter name="casLatency" value="3" />
  <parameter name="rowWidth" value="13" />
  <parameter name="powerUpDelay" value="200.0" />
  <parameter name="refreshPeriod" value="7.8125" />
  <parameter name="TMRD" value="3" />
  <parameter name="numberOfBanks" value="4" />
  <parameter name="size" value="33554432" />
  <parameter name="componentName" value="sdram_sdram" />
  <parameter name="registerDataIn" value="true" />
  <parameter name="pinsSharedViaTriState" value="false" />
  <generatedFiles>
   <file
       path="E:/3_FPGA/7_ddr/SDRAM_Control_4Port_QsysIp/db/ip/sdram/submodules/sdram_sdram.v"
       type="VERILOG"
       attributes="" />
  </generatedFiles>
  <childGeneratedFiles/>
  <sourceFiles>
   <file
       path="D:/altera/13.1/ip/altera/sopc_builder_ip/altera_avalon_new_sdram_controller/altera_avalon_new_sdram_controller_hw.tcl" />
  </sourceFiles>
  <childSourceFiles/>
  <instantiator instantiator="sdram" as="sdram" />
  <messages>
   <message level="Debug" culprit="sdram">queue size: 1 starting:altera_avalon_new_sdram_controller "submodules/sdram_sdram"</message>
   <message level="Info" culprit="sdram">Starting RTL generation for module 'sdram_sdram'</message>
   <message level="Info" culprit="sdram">  Generation command is [exec D:/altera/13.1/quartus/bin/perl/bin/perl.exe -I D:/altera/13.1/quartus/bin/perl/lib -I D:/altera/13.1/quartus/sopc_builder/bin/europa -I D:/altera/13.1/quartus/sopc_builder/bin/perl_lib -I D:/altera/13.1/quartus/sopc_builder/bin -I D:/altera/13.1/quartus/../ip/altera/sopc_builder_ip/common -I D:/altera/13.1/quartus/../ip/altera/sopc_builder_ip/altera_avalon_new_sdram_controller -- D:/altera/13.1/quartus/../ip/altera/sopc_builder_ip/altera_avalon_new_sdram_controller/generate_rtl.pl --name=sdram_sdram --dir=C:/Users/TP_ccb/AppData/Local/Temp/alt8730_299203088634784097.dir/0001_sdram_gen/ --quartus_dir=D:/altera/13.1/quartus --verilog --config=C:/Users/TP_ccb/AppData/Local/Temp/alt8730_299203088634784097.dir/0001_sdram_gen//sdram_sdram_component_configuration.pl  --do_build_sim=0  ]</message>
   <message level="Info" culprit="sdram">Done RTL generation for module 'sdram_sdram'</message>
   <message level="Info" culprit="sdram"><![CDATA["<b>sdram</b>" instantiated <b>altera_avalon_new_sdram_controller</b> "<b>sdram</b>"]]></message>
  </messages>
 </entity>
 <entity
   path="submodules/"
   parameterizationKey="altera_reset_controller:13.1:ADAPT_RESET_REQUEST=0,AUTO_CLK_CLOCK_RATE=-1,MIN_RST_ASSERTION_TIME=3,NUM_RESET_INPUTS=1,OUTPUT_RESET_SYNC_EDGES=deassert,RESET_REQUEST_PRESENT=0,RESET_REQ_EARLY_DSRT_TIME=1,RESET_REQ_WAIT_TIME=1,SYNC_DEPTH=2,USE_RESET_REQUEST_IN0=0,USE_RESET_REQUEST_IN1=0,USE_RESET_REQUEST_IN10=0,USE_RESET_REQUEST_IN11=0,USE_RESET_REQUEST_IN12=0,USE_RESET_REQUEST_IN13=0,USE_RESET_REQUEST_IN14=0,USE_RESET_REQUEST_IN15=0,USE_RESET_REQUEST_IN2=0,USE_RESET_REQUEST_IN3=0,USE_RESET_REQUEST_IN4=0,USE_RESET_REQUEST_IN5=0,USE_RESET_REQUEST_IN6=0,USE_RESET_REQUEST_IN7=0,USE_RESET_REQUEST_IN8=0,USE_RESET_REQUEST_IN9=0,USE_RESET_REQUEST_INPUT=0"
   instancePathKey="sdram:.:rst_controller"
   kind="altera_reset_controller"
   version="13.1"
   name="altera_reset_controller">
  <parameter name="AUTO_CLK_CLOCK_RATE" value="-1" />
  <generatedFiles>
   <file
       path="E:/3_FPGA/7_ddr/SDRAM_Control_4Port_QsysIp/db/ip/sdram/submodules/altera_reset_controller.v"
       type="VERILOG"
       attributes="" />
   <file
       path="E:/3_FPGA/7_ddr/SDRAM_Control_4Port_QsysIp/db/ip/sdram/submodules/altera_reset_synchronizer.v"
       type="VERILOG"
       attributes="" />
   <file
       path="E:/3_FPGA/7_ddr/SDRAM_Control_4Port_QsysIp/db/ip/sdram/submodules/altera_reset_controller.sdc"
       type="SDC"
       attributes="" />
  </generatedFiles>
  <childGeneratedFiles/>
  <sourceFiles>
   <file
       path="D:/altera/13.1/ip/altera/merlin/altera_reset_controller/altera_reset_controller_hw.tcl" />
  </sourceFiles>
  <childSourceFiles/>
  <instantiator instantiator="sdram" as="rst_controller" />
  <messages>
   <message level="Debug" culprit="sdram">queue size: 0 starting:altera_reset_controller "submodules/altera_reset_controller"</message>
   <message level="Info" culprit="rst_controller"><![CDATA["<b>sdram</b>" instantiated <b>altera_reset_controller</b> "<b>rst_controller</b>"]]></message>
  </messages>
 </entity>
</deploy>
